"Store","Iter","Model","Date","Real","Pred"
"baltimore",1,"SeasonalNaive",2014-01-26,115,354
"baltimore",1,"SeasonalNaive",2014-01-27,56,317
"baltimore",1,"SeasonalNaive",2014-01-28,63,57
"baltimore",1,"SeasonalNaive",2014-01-29,63,66
"baltimore",1,"SeasonalNaive",2014-01-30,61,59
"baltimore",1,"SeasonalNaive",2014-01-31,69,94
"baltimore",1,"SeasonalNaive",2014-02-01,124,127
"baltimore",1,"AutoARIMA",2014-01-26,115,151.435497776419
"baltimore",1,"AutoARIMA",2014-01-27,56,161.092041969835
"baltimore",1,"AutoARIMA",2014-01-28,63,145.662210444604
"baltimore",1,"AutoARIMA",2014-01-29,63,143.031115352771
"baltimore",1,"AutoARIMA",2014-01-30,61,142.449295161912
"baltimore",1,"AutoARIMA",2014-01-31,69,141.75874771374
"baltimore",1,"AutoARIMA",2014-02-01,124,138.23468587635
"baltimore",2,"SeasonalNaive",2014-02-02,69,115
"baltimore",2,"SeasonalNaive",2014-02-03,56,56
"baltimore",2,"SeasonalNaive",2014-02-04,39,63
"baltimore",2,"SeasonalNaive",2014-02-05,46,63
"baltimore",2,"SeasonalNaive",2014-02-06,50,61
"baltimore",2,"SeasonalNaive",2014-02-07,80,69
"baltimore",2,"SeasonalNaive",2014-02-08,149,124
"baltimore",2,"AutoARIMA",2014-02-02,69,142.269169049786
"baltimore",2,"AutoARIMA",2014-02-03,56,145.545192391087
"baltimore",2,"AutoARIMA",2014-02-04,39,143.665022586667
"baltimore",2,"AutoARIMA",2014-02-05,46,140.590684693973
"baltimore",2,"AutoARIMA",2014-02-06,50,135.754547241835
"baltimore",2,"AutoARIMA",2014-02-07,80,136.326944571598
"baltimore",2,"AutoARIMA",2014-02-08,149,143.730371299978
"baltimore",3,"SeasonalNaive",2014-02-09,106,69
"baltimore",3,"SeasonalNaive",2014-02-10,54,56
"baltimore",3,"SeasonalNaive",2014-02-11,69,39
"baltimore",3,"SeasonalNaive",2014-02-12,73,46
"baltimore",3,"SeasonalNaive",2014-02-13,97,50
"baltimore",3,"SeasonalNaive",2014-02-14,129,80
"baltimore",3,"SeasonalNaive",2014-02-15,480,149
"baltimore",3,"AutoARIMA",2014-02-09,106,152.958707255555
"baltimore",3,"AutoARIMA",2014-02-10,54,152.837112430287
"baltimore",3,"AutoARIMA",2014-02-11,69,138.708028177164
"baltimore",3,"AutoARIMA",2014-02-12,73,135.060326110458
"baltimore",3,"AutoARIMA",2014-02-13,97,132.015093402478
"baltimore",3,"AutoARIMA",2014-02-14,129,136.763871918936
"baltimore",3,"AutoARIMA",2014-02-15,480,145.403867339737
"baltimore",4,"SeasonalNaive",2014-02-16,424,106
"baltimore",4,"SeasonalNaive",2014-02-17,327,54
"baltimore",4,"SeasonalNaive",2014-02-18,49,69
"baltimore",4,"SeasonalNaive",2014-02-19,65,73
"baltimore",4,"SeasonalNaive",2014-02-20,52,97
"baltimore",4,"SeasonalNaive",2014-02-21,69,129
"baltimore",4,"SeasonalNaive",2014-02-22,125,480
"baltimore",4,"AutoARIMA",2014-02-16,424,335.956171459292
"baltimore",4,"AutoARIMA",2014-02-17,327,252.244506104263
"baltimore",4,"AutoARIMA",2014-02-18,49,129.170242107947
"baltimore",4,"AutoARIMA",2014-02-19,65,119.233783198038
"baltimore",4,"AutoARIMA",2014-02-20,52,108.725549953421
"baltimore",4,"AutoARIMA",2014-02-21,69,136.216798409838
"baltimore",4,"AutoARIMA",2014-02-22,125,187.266336134552
"baltimore",5,"SeasonalNaive",2014-02-23,84,424
"baltimore",5,"SeasonalNaive",2014-02-24,45,327
"baltimore",5,"SeasonalNaive",2014-02-25,49,49
"baltimore",5,"SeasonalNaive",2014-02-26,52,65
"baltimore",5,"SeasonalNaive",2014-02-27,47,52
"baltimore",5,"SeasonalNaive",2014-02-28,62,69
"baltimore",5,"SeasonalNaive",2014-03-01,107,125
"baltimore",5,"AutoARIMA",2014-02-23,84,164.581207562272
"baltimore",5,"AutoARIMA",2014-02-24,45,170.450080056473
"baltimore",5,"AutoARIMA",2014-02-25,49,144.600444811355
"baltimore",5,"AutoARIMA",2014-02-26,52,142.383781055957
"baltimore",5,"AutoARIMA",2014-02-27,47,137.945801884252
"baltimore",5,"AutoARIMA",2014-02-28,62,135.422282148832
"baltimore",5,"AutoARIMA",2014-03-01,107,136.365810211244
"baltimore",6,"SeasonalNaive",2014-03-02,86,84
"baltimore",6,"SeasonalNaive",2014-03-03,51,45
"baltimore",6,"SeasonalNaive",2014-03-04,49,49
"baltimore",6,"SeasonalNaive",2014-03-05,53,52
"baltimore",6,"SeasonalNaive",2014-03-06,58,47
"baltimore",6,"SeasonalNaive",2014-03-07,68,62
"baltimore",6,"SeasonalNaive",2014-03-08,121,107
"baltimore",6,"AutoARIMA",2014-03-02,86,120.150479570858
"baltimore",6,"AutoARIMA",2014-03-03,51,117.459059698408
"baltimore",6,"AutoARIMA",2014-03-04,49,121.423500535598
"baltimore",6,"AutoARIMA",2014-03-05,53,121.563262579939
"baltimore",6,"AutoARIMA",2014-03-06,58,121.199314991448
"baltimore",6,"AutoARIMA",2014-03-07,68,122.707257959476
"baltimore",6,"AutoARIMA",2014-03-08,121,127.531331400894
"baltimore",7,"SeasonalNaive",2014-03-09,87,86
"baltimore",7,"SeasonalNaive",2014-03-10,55,51
"baltimore",7,"SeasonalNaive",2014-03-11,49,49
"baltimore",7,"SeasonalNaive",2014-03-12,55,53
"baltimore",7,"SeasonalNaive",2014-03-13,59,58
"baltimore",7,"SeasonalNaive",2014-03-14,100,68
"baltimore",7,"SeasonalNaive",2014-03-15,149,121
"baltimore",7,"AutoARIMA",2014-03-09,87,123.643372937444
"baltimore",7,"AutoARIMA",2014-03-10,55,114.128351942459
"baltimore",7,"AutoARIMA",2014-03-11,49,113.447388749182
"baltimore",7,"AutoARIMA",2014-03-12,55,113.883626085283
"baltimore",7,"AutoARIMA",2014-03-13,59,114.489847133277
"baltimore",7,"AutoARIMA",2014-03-14,100,115.448130021757
"baltimore",7,"AutoARIMA",2014-03-15,149,120.887020483547
"baltimore",8,"SeasonalNaive",2014-03-16,110,87
"baltimore",8,"SeasonalNaive",2014-03-17,66,55
"baltimore",8,"SeasonalNaive",2014-03-18,57,49
"baltimore",8,"SeasonalNaive",2014-03-19,72,55
"baltimore",8,"SeasonalNaive",2014-03-20,68,59
"baltimore",8,"SeasonalNaive",2014-03-21,93,100
"baltimore",8,"SeasonalNaive",2014-03-22,146,149
"baltimore",8,"AutoARIMA",2014-03-16,110,124.505832908198
"baltimore",8,"AutoARIMA",2014-03-17,66,107.957322702856
"baltimore",8,"AutoARIMA",2014-03-18,57,107.35601781298
"baltimore",8,"AutoARIMA",2014-03-19,72,107.985076113033
"baltimore",8,"AutoARIMA",2014-03-20,68,108.368762263553
"baltimore",8,"AutoARIMA",2014-03-21,93,112.896195995163
"baltimore",8,"AutoARIMA",2014-03-22,146,117.821261929587
"baltimore",9,"SeasonalNaive",2014-03-23,106,110
"baltimore",9,"SeasonalNaive",2014-03-24,59,66
"baltimore",9,"SeasonalNaive",2014-03-25,72,57
"baltimore",9,"SeasonalNaive",2014-03-26,74,72
"baltimore",9,"SeasonalNaive",2014-03-27,84,68
"baltimore",9,"SeasonalNaive",2014-03-28,107,93
"baltimore",9,"SeasonalNaive",2014-03-29,154,146
"baltimore",9,"AutoARIMA",2014-03-23,106,123.823226093734
"baltimore",9,"AutoARIMA",2014-03-24,59,105.138613317117
"baltimore",9,"AutoARIMA",2014-03-25,72,104.187455239198
"baltimore",9,"AutoARIMA",2014-03-26,74,105.815003102677
"baltimore",9,"AutoARIMA",2014-03-27,84,105.318445121964
"baltimore",9,"AutoARIMA",2014-03-28,107,107.636327444399
"baltimore",9,"AutoARIMA",2014-03-29,154,113.080476827881
"baltimore",10,"SeasonalNaive",2014-03-30,107,106
"baltimore",10,"SeasonalNaive",2014-03-31,78,59
"baltimore",10,"SeasonalNaive",2014-04-01,61,72
"baltimore",10,"SeasonalNaive",2014-04-02,71,74
"baltimore",10,"SeasonalNaive",2014-04-03,67,84
"baltimore",10,"SeasonalNaive",2014-04-04,86,107
"baltimore",10,"SeasonalNaive",2014-04-05,147,154
"baltimore",10,"AutoARIMA",2014-03-30,107,123.789128131967
"baltimore",10,"AutoARIMA",2014-03-31,78,102.023271810663
"baltimore",10,"AutoARIMA",2014-04-01,61,103.606963681767
"baltimore",10,"AutoARIMA",2014-04-02,71,103.64886050989
"baltimore",10,"AutoARIMA",2014-04-03,67,104.840361455434
"baltimore",10,"AutoARIMA",2014-04-04,86,107.187370043236
"baltimore",10,"AutoARIMA",2014-04-05,147,111.902817193945
"baltimore",11,"SeasonalNaive",2014-04-06,117,107
"baltimore",11,"SeasonalNaive",2014-04-07,61,78
"baltimore",11,"SeasonalNaive",2014-04-08,67,61
"baltimore",11,"SeasonalNaive",2014-04-09,67,71
"baltimore",11,"SeasonalNaive",2014-04-10,69,67
"baltimore",11,"SeasonalNaive",2014-04-11,100,86
"baltimore",11,"SeasonalNaive",2014-04-12,155,147
"baltimore",11,"AutoARIMA",2014-04-06,117,120.964986388332
"baltimore",11,"AutoARIMA",2014-04-07,61,101.295980748457
"baltimore",11,"AutoARIMA",2014-04-08,67,99.1845898962896
"baltimore",11,"AutoARIMA",2014-04-09,67,100.315901991849
"baltimore",11,"AutoARIMA",2014-04-10,69,99.7259866087998
"baltimore",11,"AutoARIMA",2014-04-11,100,101.617638436668
"baltimore",11,"AutoARIMA",2014-04-12,155,108.011453507632
"baltimore",12,"SeasonalNaive",2014-04-13,111,117
"baltimore",12,"SeasonalNaive",2014-04-14,73,61
"baltimore",12,"SeasonalNaive",2014-04-15,88,67
"baltimore",12,"SeasonalNaive",2014-04-16,82,67
"baltimore",12,"SeasonalNaive",2014-04-17,100,69
"baltimore",12,"SeasonalNaive",2014-04-18,152,100
"baltimore",12,"SeasonalNaive",2014-04-19,179,155
"baltimore",12,"AutoARIMA",2014-04-13,111,122.330208925023
"baltimore",12,"AutoARIMA",2014-04-14,73,97.3887725646605
"baltimore",12,"AutoARIMA",2014-04-15,88,98.3134266987907
"baltimore",12,"AutoARIMA",2014-04-16,82,98.1842128370555
"baltimore",12,"AutoARIMA",2014-04-17,100,98.4794481377579
"baltimore",12,"AutoARIMA",2014-04-18,152,101.794632291653
"baltimore",12,"AutoARIMA",2014-04-19,179,107.329486535683
"baltimore",13,"SeasonalNaive",2014-04-20,0,111
"baltimore",13,"SeasonalNaive",2014-04-21,77,73
"baltimore",13,"SeasonalNaive",2014-04-22,77,88
"baltimore",13,"SeasonalNaive",2014-04-23,73,82
"baltimore",13,"SeasonalNaive",2014-04-24,96,100
"baltimore",13,"SeasonalNaive",2014-04-25,104,152
"baltimore",13,"SeasonalNaive",2014-04-26,160,179
"baltimore",13,"AutoARIMA",2014-04-20,0,126.655384430662
"baltimore",13,"AutoARIMA",2014-04-21,77,100.757611762599
"baltimore",13,"AutoARIMA",2014-04-22,77,102.908218643526
"baltimore",13,"AutoARIMA",2014-04-23,73,102.097487478589
"baltimore",13,"AutoARIMA",2014-04-24,96,104.360476466838
"baltimore",13,"AutoARIMA",2014-04-25,104,111.437528511362
"baltimore",13,"AutoARIMA",2014-04-26,160,115.882350945183
"baltimore",14,"SeasonalNaive",2014-04-27,104,0
"baltimore",14,"SeasonalNaive",2014-04-28,64,77
"baltimore",14,"SeasonalNaive",2014-04-29,50,77
"baltimore",14,"SeasonalNaive",2014-04-30,68,73
"baltimore",14,"SeasonalNaive",2014-05-01,68,96
"baltimore",14,"SeasonalNaive",2014-05-02,95,104
"baltimore",14,"SeasonalNaive",2014-05-03,139,160
"baltimore",14,"AutoARIMA",2014-04-27,104,110.249271630689
"baltimore",14,"AutoARIMA",2014-04-28,64,98.6316262889405
"baltimore",14,"AutoARIMA",2014-04-29,50,99.0694569508667
"baltimore",14,"AutoARIMA",2014-04-30,68,98.3908859625154
"baltimore",14,"AutoARIMA",2014-05-01,68,101.730964842373
"baltimore",14,"AutoARIMA",2014-05-02,95,104.074893597092
"baltimore",14,"AutoARIMA",2014-05-03,139,111.172851959911
"baltimore",15,"SeasonalNaive",2014-05-04,99,104
"baltimore",15,"SeasonalNaive",2014-05-05,53,64
"baltimore",15,"SeasonalNaive",2014-05-06,52,50
"baltimore",15,"SeasonalNaive",2014-05-07,56,68
"baltimore",15,"SeasonalNaive",2014-05-08,70,68
"baltimore",15,"SeasonalNaive",2014-05-09,93,95
"baltimore",15,"SeasonalNaive",2014-05-10,142,139
"baltimore",15,"AutoARIMA",2014-05-04,99,108.320886039102
"baltimore",15,"AutoARIMA",2014-05-05,53,94.4519803901078
"baltimore",15,"AutoARIMA",2014-05-06,52,92.6082532426714
"baltimore",15,"AutoARIMA",2014-05-07,56,94.7141684304253
"baltimore",15,"AutoARIMA",2014-05-08,70,95.2795524764508
"baltimore",15,"AutoARIMA",2014-05-09,93,98.2979563971282
"baltimore",15,"AutoARIMA",2014-05-10,142,105.161170127029
"baltimore",16,"SeasonalNaive",2014-05-11,117,99
"baltimore",16,"SeasonalNaive",2014-05-12,59,53
"baltimore",16,"SeasonalNaive",2014-05-13,62,52
"baltimore",16,"SeasonalNaive",2014-05-14,64,56
"baltimore",16,"SeasonalNaive",2014-05-15,82,70
"baltimore",16,"SeasonalNaive",2014-05-16,96,93
"baltimore",16,"SeasonalNaive",2014-05-17,138,142
"baltimore",16,"AutoARIMA",2014-05-11,117,113.8054835226
"baltimore",16,"AutoARIMA",2014-05-12,59,90.3757675228907
"baltimore",16,"AutoARIMA",2014-05-13,62,89.8010006398009
"baltimore",16,"AutoARIMA",2014-05-14,64,90.9062511771707
"baltimore",16,"AutoARIMA",2014-05-15,82,92.3752830572493
"baltimore",16,"AutoARIMA",2014-05-16,96,95.9503027633328
"baltimore",16,"AutoARIMA",2014-05-17,138,102.780034853779
"baltimore",17,"SeasonalNaive",2014-05-18,109,117
"baltimore",17,"SeasonalNaive",2014-05-19,72,59
"baltimore",17,"SeasonalNaive",2014-05-20,71,62
"baltimore",17,"SeasonalNaive",2014-05-21,80,64
"baltimore",17,"SeasonalNaive",2014-05-22,82,82
"baltimore",17,"SeasonalNaive",2014-05-23,106,96
"baltimore",17,"SeasonalNaive",2014-05-24,574,138
"baltimore",17,"AutoARIMA",2014-05-18,109,112.882747128476
"baltimore",17,"AutoARIMA",2014-05-19,72,90.0328736591802
"baltimore",17,"AutoARIMA",2014-05-20,71,90.5082191049606
"baltimore",17,"AutoARIMA",2014-05-21,80,90.705045179994
"baltimore",17,"AutoARIMA",2014-05-22,82,93.3479411997938
"baltimore",17,"AutoARIMA",2014-05-23,106,95.5560476720521
"baltimore",17,"AutoARIMA",2014-05-24,574,101.815091576357
"baltimore",18,"SeasonalNaive",2014-05-25,467,109
"baltimore",18,"SeasonalNaive",2014-05-26,441,72
"baltimore",18,"SeasonalNaive",2014-05-27,57,71
"baltimore",18,"SeasonalNaive",2014-05-28,75,80
"baltimore",18,"SeasonalNaive",2014-05-29,63,82
"baltimore",18,"SeasonalNaive",2014-05-30,80,106
"baltimore",18,"SeasonalNaive",2014-05-31,128,574
"baltimore",18,"AutoARIMA",2014-05-25,467,300.541560369229
"baltimore",18,"AutoARIMA",2014-05-26,441,105.387445871987
"baltimore",18,"AutoARIMA",2014-05-27,57,105.380359661195
"baltimore",18,"AutoARIMA",2014-05-28,75,106.527705595531
"baltimore",18,"AutoARIMA",2014-05-29,63,107.262430526465
"baltimore",18,"AutoARIMA",2014-05-30,80,110.50427284443
"baltimore",18,"AutoARIMA",2014-05-31,128,170.205307873375
"baltimore",19,"SeasonalNaive",2014-06-01,95,467
"baltimore",19,"SeasonalNaive",2014-06-02,61,441
"baltimore",19,"SeasonalNaive",2014-06-03,73,57
"baltimore",19,"SeasonalNaive",2014-06-04,71,75
"baltimore",19,"SeasonalNaive",2014-06-05,69,63
"baltimore",19,"SeasonalNaive",2014-06-06,77,80
"baltimore",19,"SeasonalNaive",2014-06-07,118,128
"baltimore",19,"AutoARIMA",2014-06-01,95,142.483712738864
"baltimore",19,"AutoARIMA",2014-06-02,61,155.880845372914
"baltimore",19,"AutoARIMA",2014-06-03,73,108.807508627174
"baltimore",19,"AutoARIMA",2014-06-04,71,111.307732721251
"baltimore",19,"AutoARIMA",2014-06-05,69,109.715745799558
"baltimore",19,"AutoARIMA",2014-06-06,77,112.480615465511
"baltimore",19,"AutoARIMA",2014-06-07,118,133.990033007255
"baltimore",20,"SeasonalNaive",2014-06-08,97,95
"baltimore",20,"SeasonalNaive",2014-06-09,61,61
"baltimore",20,"SeasonalNaive",2014-06-10,65,73
"baltimore",20,"SeasonalNaive",2014-06-11,71,71
"baltimore",20,"SeasonalNaive",2014-06-12,65,69
"baltimore",20,"SeasonalNaive",2014-06-13,89,77
"baltimore",20,"SeasonalNaive",2014-06-14,125,118
"baltimore",20,"AutoARIMA",2014-06-08,97,120.423167780067
"baltimore",20,"AutoARIMA",2014-06-09,61,116.567191751033
"baltimore",20,"AutoARIMA",2014-06-10,65,104.560628039203
"baltimore",20,"AutoARIMA",2014-06-11,71,104.864261412468
"baltimore",20,"AutoARIMA",2014-06-12,65,104.184995067098
"baltimore",20,"AutoARIMA",2014-06-13,89,105.493337699356
"baltimore",20,"AutoARIMA",2014-06-14,125,107.37268709147
"lancaster",1,"SeasonalNaive",2014-01-26,150,463
"lancaster",1,"SeasonalNaive",2014-01-27,74,413
"lancaster",1,"SeasonalNaive",2014-01-28,82,74
"lancaster",1,"SeasonalNaive",2014-01-29,82,85
"lancaster",1,"SeasonalNaive",2014-01-30,79,77
"lancaster",1,"SeasonalNaive",2014-01-31,90,122
"lancaster",1,"SeasonalNaive",2014-02-01,160,165
"lancaster",1,"AutoARIMA",2014-01-26,150,188.681204245178
"lancaster",1,"AutoARIMA",2014-01-27,74,209.821983451106
"lancaster",1,"AutoARIMA",2014-01-28,82,189.422707556322
"lancaster",1,"AutoARIMA",2014-01-29,82,190.91513980361
"lancaster",1,"AutoARIMA",2014-01-30,79,189.878164604344
"lancaster",1,"AutoARIMA",2014-01-31,90,195.71052589939
"lancaster",1,"AutoARIMA",2014-02-01,160,191.20240938609
"lancaster",2,"SeasonalNaive",2014-02-02,90,150
"lancaster",2,"SeasonalNaive",2014-02-03,73,74
"lancaster",2,"SeasonalNaive",2014-02-04,51,82
"lancaster",2,"SeasonalNaive",2014-02-05,59,82
"lancaster",2,"SeasonalNaive",2014-02-06,64,79
"lancaster",2,"SeasonalNaive",2014-02-07,103,90
"lancaster",2,"SeasonalNaive",2014-02-08,192,160
"lancaster",2,"AutoARIMA",2014-02-02,90,183.70992379477
"lancaster",2,"AutoARIMA",2014-02-03,73,184.128313145711
"lancaster",2,"AutoARIMA",2014-02-04,51,182.994896207181
"lancaster",2,"AutoARIMA",2014-02-05,59,182.796509683411
"lancaster",2,"AutoARIMA",2014-02-06,64,182.535621048781
"lancaster",2,"AutoARIMA",2014-02-07,103,183.222350992856
"lancaster",2,"AutoARIMA",2014-02-08,192,193.125471674748
"lancaster",3,"SeasonalNaive",2014-02-09,136,90
"lancaster",3,"SeasonalNaive",2014-02-10,69,73
"lancaster",3,"SeasonalNaive",2014-02-11,89,51
"lancaster",3,"SeasonalNaive",2014-02-12,94,59
"lancaster",3,"SeasonalNaive",2014-02-13,125,64
"lancaster",3,"SeasonalNaive",2014-02-14,166,103
"lancaster",3,"SeasonalNaive",2014-02-15,617,192
"lancaster",3,"AutoARIMA",2014-02-09,136,189.169142938761
"lancaster",3,"AutoARIMA",2014-02-10,69,187.179788560017
"lancaster",3,"AutoARIMA",2014-02-11,89,170.627477083083
"lancaster",3,"AutoARIMA",2014-02-12,94,171.726637464219
"lancaster",3,"AutoARIMA",2014-02-13,125,172.431822477042
"lancaster",3,"AutoARIMA",2014-02-14,166,177.56645421469
"lancaster",3,"AutoARIMA",2014-02-15,617,188.153375526224
"lancaster",4,"SeasonalNaive",2014-02-16,544,136
"lancaster",4,"SeasonalNaive",2014-02-17,419,69
"lancaster",4,"SeasonalNaive",2014-02-18,64,89
"lancaster",4,"SeasonalNaive",2014-02-19,82,94
"lancaster",4,"SeasonalNaive",2014-02-20,66,125
"lancaster",4,"SeasonalNaive",2014-02-21,88,166
"lancaster",4,"SeasonalNaive",2014-02-22,159,617
"lancaster",4,"AutoARIMA",2014-02-16,544,429.852695563376
"lancaster",4,"AutoARIMA",2014-02-17,419,324.678617815745
"lancaster",4,"AutoARIMA",2014-02-18,64,182.23772003573
"lancaster",4,"AutoARIMA",2014-02-19,82,182.764888402207
"lancaster",4,"AutoARIMA",2014-02-20,66,186.87244823912
"lancaster",4,"AutoARIMA",2014-02-21,88,191.728304426976
"lancaster",4,"AutoARIMA",2014-02-22,159,251.444794208408
"lancaster",5,"SeasonalNaive",2014-02-23,107,544
"lancaster",5,"SeasonalNaive",2014-02-24,58,419
"lancaster",5,"SeasonalNaive",2014-02-25,63,64
"lancaster",5,"SeasonalNaive",2014-02-26,66,82
"lancaster",5,"SeasonalNaive",2014-02-27,60,66
"lancaster",5,"SeasonalNaive",2014-02-28,79,88
"lancaster",5,"SeasonalNaive",2014-03-01,136,159
"lancaster",5,"AutoARIMA",2014-02-23,107,196.016672647884
"lancaster",5,"AutoARIMA",2014-02-24,58,210.446311439676
"lancaster",5,"AutoARIMA",2014-02-25,63,173.418981014078
"lancaster",5,"AutoARIMA",2014-02-26,66,175.760915892671
"lancaster",5,"AutoARIMA",2014-02-27,60,173.072967952345
"lancaster",5,"AutoARIMA",2014-02-28,79,175.376944428715
"lancaster",5,"AutoARIMA",2014-03-01,136,176.982921305994
"lancaster",6,"SeasonalNaive",2014-03-02,109,107
"lancaster",6,"SeasonalNaive",2014-03-03,65,58
"lancaster",6,"SeasonalNaive",2014-03-04,63,63
"lancaster",6,"SeasonalNaive",2014-03-05,67,66
"lancaster",6,"SeasonalNaive",2014-03-06,73,60
"lancaster",6,"SeasonalNaive",2014-03-07,86,79
"lancaster",6,"SeasonalNaive",2014-03-08,154,136
"lancaster",6,"AutoARIMA",2014-03-02,109,162.605696825679
"lancaster",6,"AutoARIMA",2014-03-03,65,166.408027793298
"lancaster",6,"AutoARIMA",2014-03-04,63,160.221048819273
"lancaster",6,"AutoARIMA",2014-03-05,67,161.150463377834
"lancaster",6,"AutoARIMA",2014-03-06,73,159.4601398623
"lancaster",6,"AutoARIMA",2014-03-07,86,162.308507736409
"lancaster",6,"AutoARIMA",2014-03-08,154,167.300217904138
"lancaster",7,"SeasonalNaive",2014-03-09,110,109
"lancaster",7,"SeasonalNaive",2014-03-10,70,65
"lancaster",7,"SeasonalNaive",2014-03-11,62,63
"lancaster",7,"SeasonalNaive",2014-03-12,70,67
"lancaster",7,"SeasonalNaive",2014-03-13,75,73
"lancaster",7,"SeasonalNaive",2014-03-14,126,86
"lancaster",7,"SeasonalNaive",2014-03-15,187,154
"lancaster",7,"AutoARIMA",2014-03-09,110,159.849659423366
"lancaster",7,"AutoARIMA",2014-03-10,70,158.81210811916
"lancaster",7,"AutoARIMA",2014-03-11,62,153.969328016743
"lancaster",7,"AutoARIMA",2014-03-12,70,154.417108806224
"lancaster",7,"AutoARIMA",2014-03-13,75,155.243103905398
"lancaster",7,"AutoARIMA",2014-03-14,126,157.411010642088
"lancaster",7,"AutoARIMA",2014-03-15,187,167.850632914981
"lancaster",8,"SeasonalNaive",2014-03-16,139,110
"lancaster",8,"SeasonalNaive",2014-03-17,83,70
"lancaster",8,"SeasonalNaive",2014-03-18,72,62
"lancaster",8,"SeasonalNaive",2014-03-19,91,70
"lancaster",8,"SeasonalNaive",2014-03-20,85,75
"lancaster",8,"SeasonalNaive",2014-03-21,117,126
"lancaster",8,"SeasonalNaive",2014-03-22,183,187
"lancaster",8,"AutoARIMA",2014-03-16,139,178.384805688819
"lancaster",8,"AutoARIMA",2014-03-17,83,161.543297222664
"lancaster",8,"AutoARIMA",2014-03-18,72,148.901481661855
"lancaster",8,"AutoARIMA",2014-03-19,91,150.108524658662
"lancaster",8,"AutoARIMA",2014-03-20,85,151.08374038858
"lancaster",8,"AutoARIMA",2014-03-21,117,158.389138894001
"lancaster",8,"AutoARIMA",2014-03-22,183,168.643599426964
"lancaster",9,"SeasonalNaive",2014-03-23,133,139
"lancaster",9,"SeasonalNaive",2014-03-24,74,83
"lancaster",9,"SeasonalNaive",2014-03-25,90,72
"lancaster",9,"SeasonalNaive",2014-03-26,92,91
"lancaster",9,"SeasonalNaive",2014-03-27,105,85
"lancaster",9,"SeasonalNaive",2014-03-28,134,117
"lancaster",9,"SeasonalNaive",2014-03-29,192,183
"lancaster",9,"AutoARIMA",2014-03-23,133,174.764945636659
"lancaster",9,"AutoARIMA",2014-03-24,74,160.780604112819
"lancaster",9,"AutoARIMA",2014-03-25,90,145.923581779053
"lancaster",9,"AutoARIMA",2014-03-26,92,148.793719674686
"lancaster",9,"AutoARIMA",2014-03-27,105,148.036246612448
"lancaster",9,"AutoARIMA",2014-03-28,134,153.999222025907
"lancaster",9,"AutoARIMA",2014-03-29,192,164.374089523351
"lancaster",10,"SeasonalNaive",2014-03-30,134,133
"lancaster",10,"SeasonalNaive",2014-03-31,97,74
"lancaster",10,"SeasonalNaive",2014-04-01,76,90
"lancaster",10,"SeasonalNaive",2014-04-02,89,92
"lancaster",10,"SeasonalNaive",2014-04-03,84,105
"lancaster",10,"SeasonalNaive",2014-04-04,107,134
"lancaster",10,"SeasonalNaive",2014-04-05,182,192
"lancaster",10,"AutoARIMA",2014-03-30,134,174.832085373806
"lancaster",10,"AutoARIMA",2014-03-31,97,155.656154206952
"lancaster",10,"AutoARIMA",2014-04-01,76,145.423669449752
"lancaster",10,"AutoARIMA",2014-04-02,89,146.225910928267
"lancaster",10,"AutoARIMA",2014-04-03,84,147.785148170383
"lancaster",10,"AutoARIMA",2014-04-04,107,152.283137196116
"lancaster",10,"AutoARIMA",2014-04-05,182,161.82841792733
"lancaster",11,"SeasonalNaive",2014-04-06,146,134
"lancaster",11,"SeasonalNaive",2014-04-07,76,97
"lancaster",11,"SeasonalNaive",2014-04-08,83,76
"lancaster",11,"SeasonalNaive",2014-04-09,83,89
"lancaster",11,"SeasonalNaive",2014-04-10,85,84
"lancaster",11,"SeasonalNaive",2014-04-11,124,107
"lancaster",11,"SeasonalNaive",2014-04-12,192,182
"lancaster",11,"AutoARIMA",2014-04-06,146,168.785647552732
"lancaster",11,"AutoARIMA",2014-04-07,76,157.554679683938
"lancaster",11,"AutoARIMA",2014-04-08,83,139.968511510183
"lancaster",11,"AutoARIMA",2014-04-09,83,141.629081010832
"lancaster",11,"AutoARIMA",2014-04-10,85,141.429617222697
"lancaster",11,"AutoARIMA",2014-04-11,124,145.219393726642
"lancaster",11,"AutoARIMA",2014-04-12,192,156.86247117259
"lancaster",12,"SeasonalNaive",2014-04-13,137,146
"lancaster",12,"SeasonalNaive",2014-04-14,90,76
"lancaster",12,"SeasonalNaive",2014-04-15,108,83
"lancaster",12,"SeasonalNaive",2014-04-16,101,83
"lancaster",12,"SeasonalNaive",2014-04-17,123,85
"lancaster",12,"SeasonalNaive",2014-04-18,187,124
"lancaster",12,"SeasonalNaive",2014-04-19,221,192
"lancaster",12,"AutoARIMA",2014-04-13,137,176.099660137928
"lancaster",12,"AutoARIMA",2014-04-14,90,152.430136434011
"lancaster",12,"AutoARIMA",2014-04-15,108,137.167813874272
"lancaster",12,"AutoARIMA",2014-04-16,101,137.574800385595
"lancaster",12,"AutoARIMA",2014-04-17,123,137.538365740152
"lancaster",12,"AutoARIMA",2014-04-18,187,143.445464462985
"lancaster",12,"AutoARIMA",2014-04-19,221,154.779880564208
"lancaster",13,"SeasonalNaive",2014-04-20,0,137
"lancaster",13,"SeasonalNaive",2014-04-21,95,90
"lancaster",13,"SeasonalNaive",2014-04-22,95,108
"lancaster",13,"SeasonalNaive",2014-04-23,89,101
"lancaster",13,"SeasonalNaive",2014-04-24,117,123
"lancaster",13,"SeasonalNaive",2014-04-25,127,187
"lancaster",13,"SeasonalNaive",2014-04-26,196,221
"lancaster",13,"AutoARIMA",2014-04-20,0,185.821749562553
"lancaster",13,"AutoARIMA",2014-04-21,95,150.673054587632
"lancaster",13,"AutoARIMA",2014-04-22,95,140.957277049783
"lancaster",13,"AutoARIMA",2014-04-23,89,139.827604274397
"lancaster",13,"AutoARIMA",2014-04-24,117,143.04268666993
"lancaster",13,"AutoARIMA",2014-04-25,127,153.064964602611
"lancaster",13,"AutoARIMA",2014-04-26,196,159.215149848354
"lancaster",14,"SeasonalNaive",2014-04-27,127,0
"lancaster",14,"SeasonalNaive",2014-04-28,79,95
"lancaster",14,"SeasonalNaive",2014-04-29,61,95
"lancaster",14,"SeasonalNaive",2014-04-30,83,89
"lancaster",14,"SeasonalNaive",2014-05-01,83,117
"lancaster",14,"SeasonalNaive",2014-05-02,116,127
"lancaster",14,"SeasonalNaive",2014-05-03,169,196
"lancaster",14,"AutoARIMA",2014-04-27,127,142.236206148993
"lancaster",14,"AutoARIMA",2014-04-28,79,149.119125887938
"lancaster",14,"AutoARIMA",2014-04-29,61,135.375942426815
"lancaster",14,"AutoARIMA",2014-04-30,83,134.298731381132
"lancaster",14,"AutoARIMA",2014-05-01,83,138.955740936795
"lancaster",14,"AutoARIMA",2014-05-02,116,142.011916398218
"lancaster",14,"AutoARIMA",2014-05-03,169,152.068775224601
"lancaster",15,"SeasonalNaive",2014-05-04,121,127
"lancaster",15,"SeasonalNaive",2014-05-05,66,79
"lancaster",15,"SeasonalNaive",2014-05-06,63,61
"lancaster",15,"SeasonalNaive",2014-05-07,68,83
"lancaster",15,"SeasonalNaive",2014-05-08,85,83
"lancaster",15,"SeasonalNaive",2014-05-09,113,116
"lancaster",15,"SeasonalNaive",2014-05-10,173,169
"lancaster",15,"AutoARIMA",2014-05-04,121,150.683705914021
"lancaster",15,"AutoARIMA",2014-05-05,66,140.274740948394
"lancaster",15,"AutoARIMA",2014-05-06,63,126.253869469914
"lancaster",15,"AutoARIMA",2014-05-07,68,129.249067967126
"lancaster",15,"AutoARIMA",2014-05-08,85,129.900848090988
"lancaster",15,"AutoARIMA",2014-05-09,113,134.118151895973
"lancaster",15,"AutoARIMA",2014-05-10,173,143.487654119493
"lancaster",16,"SeasonalNaive",2014-05-11,142,121
"lancaster",16,"SeasonalNaive",2014-05-12,72,66
"lancaster",16,"SeasonalNaive",2014-05-13,75,63
"lancaster",16,"SeasonalNaive",2014-05-14,77,68
"lancaster",16,"SeasonalNaive",2014-05-15,100,85
"lancaster",16,"SeasonalNaive",2014-05-16,117,113
"lancaster",16,"SeasonalNaive",2014-05-17,166,173
"lancaster",16,"AutoARIMA",2014-05-11,142,156.04001302123
"lancaster",16,"AutoARIMA",2014-05-12,72,136.356636525752
"lancaster",16,"AutoARIMA",2014-05-13,75,122.211660822175
"lancaster",16,"AutoARIMA",2014-05-14,77,123.715619586209
"lancaster",16,"AutoARIMA",2014-05-15,100,125.776851769205
"lancaster",16,"AutoARIMA",2014-05-16,117,130.718614321899
"lancaster",16,"AutoARIMA",2014-05-17,166,140.137451787481
"lancaster",17,"SeasonalNaive",2014-05-18,131,142
"lancaster",17,"SeasonalNaive",2014-05-19,87,72
"lancaster",17,"SeasonalNaive",2014-05-20,86,75
"lancaster",17,"SeasonalNaive",2014-05-21,97,77
"lancaster",17,"SeasonalNaive",2014-05-22,99,100
"lancaster",17,"SeasonalNaive",2014-05-23,128,117
"lancaster",17,"SeasonalNaive",2014-05-24,691,166
"lancaster",17,"AutoARIMA",2014-05-18,131,150.260670614178
"lancaster",17,"AutoARIMA",2014-05-19,87,132.235141749589
"lancaster",17,"AutoARIMA",2014-05-20,86,122.094893899294
"lancaster",17,"AutoARIMA",2014-05-21,97,122.270328879931
"lancaster",17,"AutoARIMA",2014-05-22,99,126.100732819172
"lancaster",17,"AutoARIMA",2014-05-23,128,129.068267550218
"lancaster",17,"AutoARIMA",2014-05-24,691,137.353672957455
"lancaster",18,"SeasonalNaive",2014-05-25,563,131
"lancaster",18,"SeasonalNaive",2014-05-26,530,87
"lancaster",18,"SeasonalNaive",2014-05-27,69,86
"lancaster",18,"SeasonalNaive",2014-05-28,91,97
"lancaster",18,"SeasonalNaive",2014-05-29,76,99
"lancaster",18,"SeasonalNaive",2014-05-30,95,128
"lancaster",18,"SeasonalNaive",2014-05-31,154,691
"lancaster",18,"AutoARIMA",2014-05-25,563,454.464707665564
"lancaster",18,"AutoARIMA",2014-05-26,530,326.591462467341
"lancaster",18,"AutoARIMA",2014-05-27,69,137.701411162101
"lancaster",18,"AutoARIMA",2014-05-28,91,139.27657044637
"lancaster",18,"AutoARIMA",2014-05-29,76,140.150245415326
"lancaster",18,"AutoARIMA",2014-05-30,95,144.525488372822
"lancaster",18,"AutoARIMA",2014-05-31,154,226.083740206519
"lancaster",19,"SeasonalNaive",2014-06-01,115,563
"lancaster",19,"SeasonalNaive",2014-06-02,73,530
"lancaster",19,"SeasonalNaive",2014-06-03,88,69
"lancaster",19,"SeasonalNaive",2014-06-04,85,91
"lancaster",19,"SeasonalNaive",2014-06-05,83,76
"lancaster",19,"SeasonalNaive",2014-06-06,92,95
"lancaster",19,"SeasonalNaive",2014-06-07,141,154
"lancaster",19,"AutoARIMA",2014-06-01,115,164.468530772913
"lancaster",19,"AutoARIMA",2014-06-02,73,185.590955653142
"lancaster",19,"AutoARIMA",2014-06-03,88,134.899399912738
"lancaster",19,"AutoARIMA",2014-06-04,85,138.373700681336
"lancaster",19,"AutoARIMA",2014-06-05,83,136.031802178652
"lancaster",19,"AutoARIMA",2014-06-06,92,139.514349788237
"lancaster",19,"AutoARIMA",2014-06-07,141,166.549898418965
"lancaster",20,"SeasonalNaive",2014-06-08,116,115
"lancaster",20,"SeasonalNaive",2014-06-09,72,73
"lancaster",20,"SeasonalNaive",2014-06-10,77,88
"lancaster",20,"SeasonalNaive",2014-06-11,84,85
"lancaster",20,"SeasonalNaive",2014-06-12,77,83
"lancaster",20,"SeasonalNaive",2014-06-13,106,92
"lancaster",20,"SeasonalNaive",2014-06-14,149,141
"lancaster",20,"AutoARIMA",2014-06-08,116,147.65412849155
"lancaster",20,"AutoARIMA",2014-06-09,72,145.04234987317
"lancaster",20,"AutoARIMA",2014-06-10,77,131.73498234385
"lancaster",20,"AutoARIMA",2014-06-11,84,131.942920509435
"lancaster",20,"AutoARIMA",2014-06-12,77,131.126942618122
"lancaster",20,"AutoARIMA",2014-06-13,106,132.697060069725
"lancaster",20,"AutoARIMA",2014-06-14,149,134.629704907706
"philadelphia",1,"SeasonalNaive",2014-01-26,248,756
"philadelphia",1,"SeasonalNaive",2014-01-27,122,676
"philadelphia",1,"SeasonalNaive",2014-01-28,135,122
"philadelphia",1,"SeasonalNaive",2014-01-29,135,140
"philadelphia",1,"SeasonalNaive",2014-01-30,131,126
"philadelphia",1,"SeasonalNaive",2014-01-31,150,201
"philadelphia",1,"SeasonalNaive",2014-02-01,267,271
"philadelphia",1,"AutoARIMA",2014-01-26,248,292.590614296263
"philadelphia",1,"AutoARIMA",2014-01-27,122,294.038638485807
"philadelphia",1,"AutoARIMA",2014-01-28,135,252.693834198859
"philadelphia",1,"AutoARIMA",2014-01-29,135,247.281896443209
"philadelphia",1,"AutoARIMA",2014-01-30,131,248.726402506076
"philadelphia",1,"AutoARIMA",2014-01-31,150,249.750208086416
"philadelphia",1,"AutoARIMA",2014-02-01,267,243.906366089506
"philadelphia",2,"SeasonalNaive",2014-02-02,150,248
"philadelphia",2,"SeasonalNaive",2014-02-03,122,122
"philadelphia",2,"SeasonalNaive",2014-02-04,85,135
"philadelphia",2,"SeasonalNaive",2014-02-05,98,135
"philadelphia",2,"SeasonalNaive",2014-02-06,108,131
"philadelphia",2,"SeasonalNaive",2014-02-07,173,150
"philadelphia",2,"SeasonalNaive",2014-02-08,323,267
"philadelphia",2,"AutoARIMA",2014-02-02,150,275.737487005662
"philadelphia",2,"AutoARIMA",2014-02-03,122,265.580023721969
"philadelphia",2,"AutoARIMA",2014-02-04,85,249.432154633864
"philadelphia",2,"AutoARIMA",2014-02-05,98,243.724747750112
"philadelphia",2,"AutoARIMA",2014-02-06,108,234.791447559598
"philadelphia",2,"AutoARIMA",2014-02-07,173,239.448291799744
"philadelphia",2,"AutoARIMA",2014-02-08,323,255.185280577566
"philadelphia",3,"SeasonalNaive",2014-02-09,230,150
"philadelphia",3,"SeasonalNaive",2014-02-10,117,122
"philadelphia",3,"SeasonalNaive",2014-02-11,150,85
"philadelphia",3,"SeasonalNaive",2014-02-12,160,98
"philadelphia",3,"SeasonalNaive",2014-02-13,211,108
"philadelphia",3,"SeasonalNaive",2014-02-14,281,173
"philadelphia",3,"SeasonalNaive",2014-02-15,1046,323
"philadelphia",3,"AutoARIMA",2014-02-09,230,301.595537067012
"philadelphia",3,"AutoARIMA",2014-02-10,117,282.994434405264
"philadelphia",3,"AutoARIMA",2014-02-11,150,240.478529017721
"philadelphia",3,"AutoARIMA",2014-02-12,160,232.55911456349
"philadelphia",3,"AutoARIMA",2014-02-13,211,227.29951333227
"philadelphia",3,"AutoARIMA",2014-02-14,281,240.58289944798
"philadelphia",3,"AutoARIMA",2014-02-15,1046,259.670748922812
"philadelphia",4,"SeasonalNaive",2014-02-16,925,230
"philadelphia",4,"SeasonalNaive",2014-02-17,713,117
"philadelphia",4,"SeasonalNaive",2014-02-18,108,150
"philadelphia",4,"SeasonalNaive",2014-02-19,141,160
"philadelphia",4,"SeasonalNaive",2014-02-20,113,211
"philadelphia",4,"SeasonalNaive",2014-02-21,151,281
"philadelphia",4,"SeasonalNaive",2014-02-22,272,1046
"philadelphia",4,"AutoARIMA",2014-02-16,925,708.85922372323
"philadelphia",4,"AutoARIMA",2014-02-17,713,506.971180032969
"philadelphia",4,"AutoARIMA",2014-02-18,108,219.409895198946
"philadelphia",4,"AutoARIMA",2014-02-19,141,197.339437107395
"philadelphia",4,"AutoARIMA",2014-02-20,113,172.771514655551
"philadelphia",4,"AutoARIMA",2014-02-21,151,239.169185621939
"philadelphia",4,"AutoARIMA",2014-02-22,272,348.221693998212
"philadelphia",5,"SeasonalNaive",2014-02-23,183,925
"philadelphia",5,"SeasonalNaive",2014-02-24,98,713
"philadelphia",5,"SeasonalNaive",2014-02-25,108,108
"philadelphia",5,"SeasonalNaive",2014-02-26,113,141
"philadelphia",5,"SeasonalNaive",2014-02-27,104,113
"philadelphia",5,"SeasonalNaive",2014-02-28,136,151
"philadelphia",5,"SeasonalNaive",2014-03-01,235,272
"philadelphia",5,"AutoARIMA",2014-02-23,183,326.617374411554
"philadelphia",5,"AutoARIMA",2014-02-24,98,319.952534721978
"philadelphia",5,"AutoARIMA",2014-02-25,108,254.917428435505
"philadelphia",5,"AutoARIMA",2014-02-26,113,249.71333206727
"philadelphia",5,"AutoARIMA",2014-02-27,104,242.389982014066
"philadelphia",5,"AutoARIMA",2014-02-28,136,239.728940897216
"philadelphia",5,"AutoARIMA",2014-03-01,235,243.094821634327
"philadelphia",6,"SeasonalNaive",2014-03-02,188,183
"philadelphia",6,"SeasonalNaive",2014-03-03,113,98
"philadelphia",6,"SeasonalNaive",2014-03-04,108,108
"philadelphia",6,"SeasonalNaive",2014-03-05,118,113
"philadelphia",6,"SeasonalNaive",2014-03-06,127,104
"philadelphia",6,"SeasonalNaive",2014-03-07,151,136
"philadelphia",6,"SeasonalNaive",2014-03-08,269,235
"philadelphia",6,"AutoARIMA",2014-03-02,188,249.903800946243
"philadelphia",6,"AutoARIMA",2014-03-03,113,252.075561808585
"philadelphia",6,"AutoARIMA",2014-03-04,108,248.178386143363
"philadelphia",6,"AutoARIMA",2014-03-05,118,241.821499401345
"philadelphia",6,"AutoARIMA",2014-03-06,127,233.743793883214
"philadelphia",6,"AutoARIMA",2014-03-07,151,238.126221100377
"philadelphia",6,"AutoARIMA",2014-03-08,269,250.400977479902
"philadelphia",7,"SeasonalNaive",2014-03-09,193,188
"philadelphia",7,"SeasonalNaive",2014-03-10,123,113
"philadelphia",7,"SeasonalNaive",2014-03-11,108,108
"philadelphia",7,"SeasonalNaive",2014-03-12,123,118
"philadelphia",7,"SeasonalNaive",2014-03-13,132,127
"philadelphia",7,"SeasonalNaive",2014-03-14,222,151
"philadelphia",7,"SeasonalNaive",2014-03-15,330,269
"philadelphia",7,"AutoARIMA",2014-03-09,193,274.733849013575
"philadelphia",7,"AutoARIMA",2014-03-10,123,269.010075554792
"philadelphia",7,"AutoARIMA",2014-03-11,108,244.382881460644
"philadelphia",7,"AutoARIMA",2014-03-12,123,239.720867959742
"philadelphia",7,"AutoARIMA",2014-03-13,132,233.454535137719
"philadelphia",7,"AutoARIMA",2014-03-14,222,238.679941072679
"philadelphia",7,"AutoARIMA",2014-03-15,330,252.594019524071
"philadelphia",8,"SeasonalNaive",2014-03-16,245,193
"philadelphia",8,"SeasonalNaive",2014-03-17,146,123
"philadelphia",8,"SeasonalNaive",2014-03-18,127,108
"philadelphia",8,"SeasonalNaive",2014-03-19,161,123
"philadelphia",8,"SeasonalNaive",2014-03-20,152,132
"philadelphia",8,"SeasonalNaive",2014-03-21,207,222
"philadelphia",8,"SeasonalNaive",2014-03-22,325,330
"philadelphia",8,"AutoARIMA",2014-03-16,245,304.549967346832
"philadelphia",8,"AutoARIMA",2014-03-17,146,265.354936926427
"philadelphia",8,"AutoARIMA",2014-03-18,127,232.855138721602
"philadelphia",8,"AutoARIMA",2014-03-19,161,225.942565199875
"philadelphia",8,"AutoARIMA",2014-03-20,152,224.788412810285
"philadelphia",8,"AutoARIMA",2014-03-21,207,242.097903844908
"philadelphia",8,"AutoARIMA",2014-03-22,325,262.346391414462
"philadelphia",9,"SeasonalNaive",2014-03-23,236,245
"philadelphia",9,"SeasonalNaive",2014-03-24,133,146
"philadelphia",9,"SeasonalNaive",2014-03-25,161,127
"philadelphia",9,"SeasonalNaive",2014-03-26,165,161
"philadelphia",9,"SeasonalNaive",2014-03-27,189,152
"philadelphia",9,"SeasonalNaive",2014-03-28,241,207
"philadelphia",9,"SeasonalNaive",2014-03-29,345,325
"philadelphia",9,"AutoARIMA",2014-03-23,236,300.752279325752
"philadelphia",9,"AutoARIMA",2014-03-24,133,268.396715810354
"philadelphia",9,"AutoARIMA",2014-03-25,161,235.525443405585
"philadelphia",9,"AutoARIMA",2014-03-26,165,233.523346498294
"philadelphia",9,"AutoARIMA",2014-03-27,189,227.471141218185
"philadelphia",9,"AutoARIMA",2014-03-28,241,241.996405336444
"philadelphia",9,"AutoARIMA",2014-03-29,345,261.86583316726
"philadelphia",10,"SeasonalNaive",2014-03-30,242,236
"philadelphia",10,"SeasonalNaive",2014-03-31,175,133
"philadelphia",10,"SeasonalNaive",2014-04-01,137,161
"philadelphia",10,"SeasonalNaive",2014-04-02,161,165
"philadelphia",10,"SeasonalNaive",2014-04-03,152,189
"philadelphia",10,"SeasonalNaive",2014-04-04,194,241
"philadelphia",10,"SeasonalNaive",2014-04-05,332,345
"philadelphia",10,"AutoARIMA",2014-03-30,242,302.401499329596
"philadelphia",10,"AutoARIMA",2014-03-31,175,263.576576668393
"philadelphia",10,"AutoARIMA",2014-04-01,137,235.832237211621
"philadelphia",10,"AutoARIMA",2014-04-02,161,232.702485646015
"philadelphia",10,"AutoARIMA",2014-04-03,152,231.924838195082
"philadelphia",10,"AutoARIMA",2014-04-04,194,245.604012105802
"philadelphia",10,"AutoARIMA",2014-04-05,332,263.967221696341
"philadelphia",11,"SeasonalNaive",2014-04-06,265,242
"philadelphia",11,"SeasonalNaive",2014-04-07,137,175
"philadelphia",11,"SeasonalNaive",2014-04-08,152,137
"philadelphia",11,"SeasonalNaive",2014-04-09,152,161
"philadelphia",11,"SeasonalNaive",2014-04-10,156,152
"philadelphia",11,"SeasonalNaive",2014-04-11,227,194
"philadelphia",11,"SeasonalNaive",2014-04-12,351,332
"philadelphia",11,"AutoARIMA",2014-04-06,265,304.240474095721
"philadelphia",11,"AutoARIMA",2014-04-07,137,276.873926078196
"philadelphia",11,"AutoARIMA",2014-04-08,152,238.218423625612
"philadelphia",11,"AutoARIMA",2014-04-09,152,233.916053651175
"philadelphia",11,"AutoARIMA",2014-04-10,156,226.915712389785
"philadelphia",11,"AutoARIMA",2014-04-11,227,238.975861079397
"philadelphia",11,"AutoARIMA",2014-04-12,351,261.707549959791
"philadelphia",12,"SeasonalNaive",2014-04-13,252,265
"philadelphia",12,"SeasonalNaive",2014-04-14,166,137
"philadelphia",12,"SeasonalNaive",2014-04-15,199,152
"philadelphia",12,"SeasonalNaive",2014-04-16,185,152
"philadelphia",12,"SeasonalNaive",2014-04-17,228,156
"philadelphia",12,"SeasonalNaive",2014-04-18,346,227
"philadelphia",12,"SeasonalNaive",2014-04-19,409,351
"philadelphia",12,"AutoARIMA",2014-04-13,252,315.554824032327
"philadelphia",12,"AutoARIMA",2014-04-14,166,269.812488701234
"philadelphia",12,"AutoARIMA",2014-04-15,199,235.51343274463
"philadelphia",12,"AutoARIMA",2014-04-16,185,228.843766288825
"philadelphia",12,"AutoARIMA",2014-04-17,228,224.624245206855
"philadelphia",12,"AutoARIMA",2014-04-18,346,241.284310623197
"philadelphia",12,"AutoARIMA",2014-04-19,409,264.074932759032
"philadelphia",13,"SeasonalNaive",2014-04-20,0,252
"philadelphia",13,"SeasonalNaive",2014-04-21,176,166
"philadelphia",13,"SeasonalNaive",2014-04-22,176,199
"philadelphia",13,"SeasonalNaive",2014-04-23,166,185
"philadelphia",13,"SeasonalNaive",2014-04-24,218,228
"philadelphia",13,"SeasonalNaive",2014-04-25,237,346
"philadelphia",13,"SeasonalNaive",2014-04-26,366,409
"philadelphia",13,"AutoARIMA",2014-04-20,0,333.708618579307
"philadelphia",13,"AutoARIMA",2014-04-21,176,262.793950907645
"philadelphia",13,"AutoARIMA",2014-04-22,176,233.439719257795
"philadelphia",13,"AutoARIMA",2014-04-23,166,224.772844146719
"philadelphia",13,"AutoARIMA",2014-04-24,218,234.003874551873
"philadelphia",13,"AutoARIMA",2014-04-25,237,260.151546779203
"philadelphia",13,"AutoARIMA",2014-04-26,366,275.115940868705
"philadelphia",14,"SeasonalNaive",2014-04-27,238,0
"philadelphia",14,"SeasonalNaive",2014-04-28,147,176
"philadelphia",14,"SeasonalNaive",2014-04-29,115,176
"philadelphia",14,"SeasonalNaive",2014-04-30,157,166
"philadelphia",14,"SeasonalNaive",2014-05-01,157,218
"philadelphia",14,"SeasonalNaive",2014-05-02,219,237
"philadelphia",14,"SeasonalNaive",2014-05-03,320,366
"philadelphia",14,"AutoARIMA",2014-04-27,238,268.176886224717
"philadelphia",14,"AutoARIMA",2014-04-28,147,276.476999399382
"philadelphia",14,"AutoARIMA",2014-04-29,115,237.926904146678
"philadelphia",14,"AutoARIMA",2014-04-30,157,233.150509383071
"philadelphia",14,"AutoARIMA",2014-05-01,157,235.264149401131
"philadelphia",14,"AutoARIMA",2014-05-02,219,248.269879545121
"philadelphia",14,"AutoARIMA",2014-05-03,320,267.935503689043
"philadelphia",15,"SeasonalNaive",2014-05-04,228,238
"philadelphia",15,"SeasonalNaive",2014-05-05,124,147
"philadelphia",15,"SeasonalNaive",2014-05-06,119,115
"philadelphia",15,"SeasonalNaive",2014-05-07,129,157
"philadelphia",15,"SeasonalNaive",2014-05-08,163,157
"philadelphia",15,"SeasonalNaive",2014-05-09,215,219
"philadelphia",15,"SeasonalNaive",2014-05-10,329,320
"philadelphia",15,"AutoARIMA",2014-05-04,228,284.680215665343
"philadelphia",15,"AutoARIMA",2014-05-05,124,260.426307511399
"philadelphia",15,"AutoARIMA",2014-05-06,119,232.032576795948
"philadelphia",15,"AutoARIMA",2014-05-07,129,230.541574344964
"philadelphia",15,"AutoARIMA",2014-05-08,163,228.452031649023
"philadelphia",15,"AutoARIMA",2014-05-09,215,239.64649458111
"philadelphia",15,"AutoARIMA",2014-05-10,329,259.428061101138
"philadelphia",16,"SeasonalNaive",2014-05-11,272,228
"philadelphia",16,"SeasonalNaive",2014-05-12,138,124
"philadelphia",16,"SeasonalNaive",2014-05-13,144,119
"philadelphia",16,"SeasonalNaive",2014-05-14,148,129
"philadelphia",16,"SeasonalNaive",2014-05-15,191,163
"philadelphia",16,"SeasonalNaive",2014-05-16,225,215
"philadelphia",16,"SeasonalNaive",2014-05-17,321,329
"philadelphia",16,"AutoARIMA",2014-05-11,272,297.123950603684
"philadelphia",16,"AutoARIMA",2014-05-12,138,259.596235608258
"philadelphia",16,"AutoARIMA",2014-05-13,144,227.618661723131
"philadelphia",16,"AutoARIMA",2014-05-14,148,225.581613196324
"philadelphia",16,"AutoARIMA",2014-05-15,191,225.142496580274
"philadelphia",16,"AutoARIMA",2014-05-16,225,239.633049275673
"philadelphia",16,"AutoARIMA",2014-05-17,321,259.035139586636
"philadelphia",17,"SeasonalNaive",2014-05-18,254,272
"philadelphia",17,"SeasonalNaive",2014-05-19,167,138
"philadelphia",17,"SeasonalNaive",2014-05-20,167,144
"philadelphia",17,"SeasonalNaive",2014-05-21,187,148
"philadelphia",17,"SeasonalNaive",2014-05-22,191,191
"philadelphia",17,"SeasonalNaive",2014-05-23,248,225
"philadelphia",17,"SeasonalNaive",2014-05-24,1344,321
"philadelphia",17,"AutoARIMA",2014-05-18,254,289.559306198614
"philadelphia",17,"AutoARIMA",2014-05-19,167,254.566070577671
"philadelphia",17,"AutoARIMA",2014-05-20,167,229.949846170912
"philadelphia",17,"AutoARIMA",2014-05-21,187,227.615803884127
"philadelphia",17,"AutoARIMA",2014-05-22,191,230.985213770518
"philadelphia",17,"AutoARIMA",2014-05-23,248,241.654812684245
"philadelphia",17,"AutoARIMA",2014-05-24,1344,258.814465110905
"philadelphia",18,"SeasonalNaive",2014-05-25,1095,254
"philadelphia",18,"SeasonalNaive",2014-05-26,1034,167
"philadelphia",18,"SeasonalNaive",2014-05-27,134,167
"philadelphia",18,"SeasonalNaive",2014-05-28,177,187
"philadelphia",18,"SeasonalNaive",2014-05-29,148,191
"philadelphia",18,"SeasonalNaive",2014-05-30,187,248
"philadelphia",18,"SeasonalNaive",2014-05-31,302,1344
"philadelphia",18,"AutoARIMA",2014-05-25,1095,897.448005031094
"philadelphia",18,"AutoARIMA",2014-05-26,1034,626.347238414896
"philadelphia",18,"AutoARIMA",2014-05-27,134,216.916723221761
"philadelphia",18,"AutoARIMA",2014-05-28,177,185.518109459171
"philadelphia",18,"AutoARIMA",2014-05-29,148,134.715306653664
"philadelphia",18,"AutoARIMA",2014-05-30,187,221.996457007228
"philadelphia",18,"AutoARIMA",2014-05-31,302,399.128999659569
"philadelphia",19,"SeasonalNaive",2014-06-01,225,1095
"philadelphia",19,"SeasonalNaive",2014-06-02,144,1034
"philadelphia",19,"SeasonalNaive",2014-06-03,172,134
"philadelphia",19,"SeasonalNaive",2014-06-04,168,177
"philadelphia",19,"SeasonalNaive",2014-06-05,164,148
"philadelphia",19,"SeasonalNaive",2014-06-06,182,187
"philadelphia",19,"SeasonalNaive",2014-06-07,278,302
"philadelphia",19,"AutoARIMA",2014-06-01,225,341.018674967642
"philadelphia",19,"AutoARIMA",2014-06-02,144,344.978578324792
"philadelphia",19,"AutoARIMA",2014-06-03,172,246.894731800332
"philadelphia",19,"AutoARIMA",2014-06-04,168,244.979983554787
"philadelphia",19,"AutoARIMA",2014-06-05,164,244.575254801527
"philadelphia",19,"AutoARIMA",2014-06-06,182,241.45084450877
"philadelphia",19,"AutoARIMA",2014-06-07,278,296.17796189514
"philadelphia",20,"SeasonalNaive",2014-06-08,230,225
"philadelphia",20,"SeasonalNaive",2014-06-09,144,144
"philadelphia",20,"SeasonalNaive",2014-06-10,154,172
"philadelphia",20,"SeasonalNaive",2014-06-11,168,168
"philadelphia",20,"SeasonalNaive",2014-06-12,154,164
"philadelphia",20,"SeasonalNaive",2014-06-13,211,182
"philadelphia",20,"SeasonalNaive",2014-06-14,298,278
"philadelphia",20,"AutoARIMA",2014-06-08,230,274.571663997182
"philadelphia",20,"AutoARIMA",2014-06-09,144,273.161001980787
"philadelphia",20,"AutoARIMA",2014-06-10,154,241.172813559175
"philadelphia",20,"AutoARIMA",2014-06-11,168,240.261251096563
"philadelphia",20,"AutoARIMA",2014-06-12,154,234.441017412347
"philadelphia",20,"AutoARIMA",2014-06-13,211,237.505158436506
"philadelphia",20,"AutoARIMA",2014-06-14,298,240.245583684647
"richmond",1,"SeasonalNaive",2014-01-26,72,221
"richmond",1,"SeasonalNaive",2014-01-27,36,198
"richmond",1,"SeasonalNaive",2014-01-28,40,36
"richmond",1,"SeasonalNaive",2014-01-29,40,41
"richmond",1,"SeasonalNaive",2014-01-30,38,37
"richmond",1,"SeasonalNaive",2014-01-31,44,59
"richmond",1,"SeasonalNaive",2014-02-01,78,79
"richmond",1,"AutoARIMA",2014-01-26,72,90.2683733508821
"richmond",1,"AutoARIMA",2014-01-27,36,93.9767168618945
"richmond",1,"AutoARIMA",2014-01-28,40,83.6060818165331
"richmond",1,"AutoARIMA",2014-01-29,40,81.93786820456
"richmond",1,"AutoARIMA",2014-01-30,38,81.8081527954116
"richmond",1,"AutoARIMA",2014-01-31,44,81.6724709001833
"richmond",1,"AutoARIMA",2014-02-01,78,79.6816256921735
"richmond",2,"SeasonalNaive",2014-02-02,44,72
"richmond",2,"SeasonalNaive",2014-02-03,36,36
"richmond",2,"SeasonalNaive",2014-02-04,25,40
"richmond",2,"SeasonalNaive",2014-02-05,28,40
"richmond",2,"SeasonalNaive",2014-02-06,31,38
"richmond",2,"SeasonalNaive",2014-02-07,50,44
"richmond",2,"SeasonalNaive",2014-02-08,94,78
"richmond",2,"AutoARIMA",2014-02-02,44,85.6178839427472
"richmond",2,"AutoARIMA",2014-02-03,36,85.3624071517805
"richmond",2,"AutoARIMA",2014-02-04,25,82.4750775757019
"richmond",2,"AutoARIMA",2014-02-05,28,80.487567280166
"richmond",2,"AutoARIMA",2014-02-06,31,77.6006948817767
"richmond",2,"AutoARIMA",2014-02-07,50,78.4575198375892
"richmond",2,"AutoARIMA",2014-02-08,94,82.999991070124
"richmond",3,"SeasonalNaive",2014-02-09,67,44
"richmond",3,"SeasonalNaive",2014-02-10,34,36
"richmond",3,"SeasonalNaive",2014-02-11,44,25
"richmond",3,"SeasonalNaive",2014-02-12,46,28
"richmond",3,"SeasonalNaive",2014-02-13,61,31
"richmond",3,"SeasonalNaive",2014-02-14,82,50
"richmond",3,"SeasonalNaive",2014-02-15,303,94
"richmond",3,"AutoARIMA",2014-02-09,67,92.6371479437653
"richmond",3,"AutoARIMA",2014-02-10,34,90.1967743253553
"richmond",3,"AutoARIMA",2014-02-11,44,79.5390550551837
"richmond",3,"AutoARIMA",2014-02-12,46,76.9941663384641
"richmond",3,"AutoARIMA",2014-02-13,61,75.2664607324213
"richmond",3,"AutoARIMA",2014-02-14,82,78.63352322014
"richmond",3,"AutoARIMA",2014-02-15,303,84.1454277261642
"richmond",4,"SeasonalNaive",2014-02-16,268,67
"richmond",4,"SeasonalNaive",2014-02-17,206,34
"richmond",4,"SeasonalNaive",2014-02-18,31,44
"richmond",4,"SeasonalNaive",2014-02-19,41,46
"richmond",4,"SeasonalNaive",2014-02-20,33,61
"richmond",4,"SeasonalNaive",2014-02-21,44,82
"richmond",4,"SeasonalNaive",2014-02-22,79,303
"richmond",4,"AutoARIMA",2014-02-16,268,208.464058582444
"richmond",4,"AutoARIMA",2014-02-17,206,152.621212648875
"richmond",4,"AutoARIMA",2014-02-18,31,72.4259325301072
"richmond",4,"AutoARIMA",2014-02-19,41,65.9618767650913
"richmond",4,"AutoARIMA",2014-02-20,33,59.8254636099157
"richmond",4,"AutoARIMA",2014-02-21,44,78.2930750746017
"richmond",4,"AutoARIMA",2014-02-22,79,109.954754575643
"richmond",5,"SeasonalNaive",2014-02-23,53,268
"richmond",5,"SeasonalNaive",2014-02-24,28,206
"richmond",5,"SeasonalNaive",2014-02-25,31,31
"richmond",5,"SeasonalNaive",2014-02-26,33,41
"richmond",5,"SeasonalNaive",2014-02-27,30,33
"richmond",5,"SeasonalNaive",2014-02-28,39,44
"richmond",5,"SeasonalNaive",2014-03-01,68,79
"richmond",5,"AutoARIMA",2014-02-23,53,99.5745669379446
"richmond",5,"AutoARIMA",2014-02-24,28,100.772567442391
"richmond",5,"AutoARIMA",2014-02-25,31,83.5648566393312
"richmond",5,"AutoARIMA",2014-02-26,33,82.067824270296
"richmond",5,"AutoARIMA",2014-02-27,30,79.4709432084253
"richmond",5,"AutoARIMA",2014-02-28,39,78.2748338197031
"richmond",5,"AutoARIMA",2014-03-01,68,79.0686044696858
"richmond",6,"SeasonalNaive",2014-03-02,54,53
"richmond",6,"SeasonalNaive",2014-03-03,33,28
"richmond",6,"SeasonalNaive",2014-03-04,31,31
"richmond",6,"SeasonalNaive",2014-03-05,34,33
"richmond",6,"SeasonalNaive",2014-03-06,36,30
"richmond",6,"SeasonalNaive",2014-03-07,43,39
"richmond",6,"SeasonalNaive",2014-03-08,77,68
"richmond",6,"AutoARIMA",2014-03-02,54,77.3574773800701
"richmond",6,"AutoARIMA",2014-03-03,33,80.8470833678469
"richmond",6,"AutoARIMA",2014-03-04,31,81.513628417681
"richmond",6,"AutoARIMA",2014-03-05,34,79.5245479054627
"richmond",6,"AutoARIMA",2014-03-06,36,76.8779663792633
"richmond",6,"AutoARIMA",2014-03-07,43,77.5759041282854
"richmond",6,"AutoARIMA",2014-03-08,77,81.083669388133
"richmond",7,"SeasonalNaive",2014-03-09,55,54
"richmond",7,"SeasonalNaive",2014-03-10,35,33
"richmond",7,"SeasonalNaive",2014-03-11,31,31
"richmond",7,"SeasonalNaive",2014-03-12,35,34
"richmond",7,"SeasonalNaive",2014-03-13,38,36
"richmond",7,"SeasonalNaive",2014-03-14,63,43
"richmond",7,"SeasonalNaive",2014-03-15,94,77
"richmond",7,"AutoARIMA",2014-03-09,55,83.9231612141477
"richmond",7,"AutoARIMA",2014-03-10,35,85.4019851402728
"richmond",7,"AutoARIMA",2014-03-11,31,80.2581844805242
"richmond",7,"AutoARIMA",2014-03-12,35,78.7472732862016
"richmond",7,"AutoARIMA",2014-03-13,38,76.6750204632655
"richmond",7,"AutoARIMA",2014-03-14,63,77.6022797464758
"richmond",7,"AutoARIMA",2014-03-15,94,81.5198118014823
"richmond",8,"SeasonalNaive",2014-03-16,70,55
"richmond",8,"SeasonalNaive",2014-03-17,42,35
"richmond",8,"SeasonalNaive",2014-03-18,36,31
"richmond",8,"SeasonalNaive",2014-03-19,46,35
"richmond",8,"SeasonalNaive",2014-03-20,43,38
"richmond",8,"SeasonalNaive",2014-03-21,59,63
"richmond",8,"SeasonalNaive",2014-03-22,93,94
"richmond",8,"AutoARIMA",2014-03-16,70,92.7025340755645
"richmond",8,"AutoARIMA",2014-03-17,42,85.8321893162552
"richmond",8,"AutoARIMA",2014-03-18,36,78.5052231942528
"richmond",8,"AutoARIMA",2014-03-19,46,76.2364201056888
"richmond",8,"AutoARIMA",2014-03-20,43,75.4730363810444
"richmond",8,"AutoARIMA",2014-03-21,59,79.4654614613777
"richmond",8,"AutoARIMA",2014-03-22,93,83.5972114387114
"richmond",9,"SeasonalNaive",2014-03-23,68,70
"richmond",9,"SeasonalNaive",2014-03-24,38,42
"richmond",9,"SeasonalNaive",2014-03-25,46,36
"richmond",9,"SeasonalNaive",2014-03-26,47,46
"richmond",9,"SeasonalNaive",2014-03-27,54,43
"richmond",9,"SeasonalNaive",2014-03-28,69,59
"richmond",9,"SeasonalNaive",2014-03-29,98,93
"richmond",9,"AutoARIMA",2014-03-23,68,90.8778766538867
"richmond",9,"AutoARIMA",2014-03-24,38,84.4901310545427
"richmond",9,"AutoARIMA",2014-03-25,46,76.8529700404662
"richmond",9,"AutoARIMA",2014-03-26,47,76.2334516725853
"richmond",9,"AutoARIMA",2014-03-27,54,74.2994615230764
"richmond",9,"AutoARIMA",2014-03-28,69,77.9310954457558
"richmond",9,"AutoARIMA",2014-03-29,98,83.5100718091954
"richmond",10,"SeasonalNaive",2014-03-30,68,68
"richmond",10,"SeasonalNaive",2014-03-31,50,38
"richmond",10,"SeasonalNaive",2014-04-01,39,46
"richmond",10,"SeasonalNaive",2014-04-02,46,47
"richmond",10,"SeasonalNaive",2014-04-03,43,54
"richmond",10,"SeasonalNaive",2014-04-04,55,69
"richmond",10,"SeasonalNaive",2014-04-05,94,98
"richmond",10,"AutoARIMA",2014-03-30,68,90.8234709149104
"richmond",10,"AutoARIMA",2014-03-31,50,82.6385445232291
"richmond",10,"AutoARIMA",2014-04-01,39,76.8371007649458
"richmond",10,"AutoARIMA",2014-04-02,46,75.8947465747724
"richmond",10,"AutoARIMA",2014-04-03,43,75.5735410081055
"richmond",10,"AutoARIMA",2014-04-04,55,78.9383125341703
"richmond",10,"AutoARIMA",2014-04-05,94,83.944165553041
"richmond",11,"SeasonalNaive",2014-04-06,75,68
"richmond",11,"SeasonalNaive",2014-04-07,39,50
"richmond",11,"SeasonalNaive",2014-04-08,43,39
"richmond",11,"SeasonalNaive",2014-04-09,43,46
"richmond",11,"SeasonalNaive",2014-04-10,44,43
"richmond",11,"SeasonalNaive",2014-04-11,64,55
"richmond",11,"SeasonalNaive",2014-04-12,99,94
"richmond",11,"AutoARIMA",2014-04-06,75,90.9477203171727
"richmond",11,"AutoARIMA",2014-04-07,39,86.3449968328332
"richmond",11,"AutoARIMA",2014-04-08,43,77.3774778266705
"richmond",11,"AutoARIMA",2014-04-09,43,76.1593891215623
"richmond",11,"AutoARIMA",2014-04-10,44,73.9750895433747
"richmond",11,"AutoARIMA",2014-04-11,64,76.8507667825557
"richmond",11,"AutoARIMA",2014-04-12,99,83.1169771009977
"richmond",12,"SeasonalNaive",2014-04-13,71,75
"richmond",12,"SeasonalNaive",2014-04-14,47,39
"richmond",12,"SeasonalNaive",2014-04-15,56,43
"richmond",12,"SeasonalNaive",2014-04-16,52,43
"richmond",12,"SeasonalNaive",2014-04-17,64,44
"richmond",12,"SeasonalNaive",2014-04-18,98,64
"richmond",12,"SeasonalNaive",2014-04-19,115,99
"richmond",12,"AutoARIMA",2014-04-13,71,93.9271749837996
"richmond",12,"AutoARIMA",2014-04-14,47,84.1702824149082
"richmond",12,"AutoARIMA",2014-04-15,56,76.4916868637712
"richmond",12,"AutoARIMA",2014-04-16,52,74.6007469012839
"richmond",12,"AutoARIMA",2014-04-17,64,73.2068420478271
"richmond",12,"AutoARIMA",2014-04-18,98,77.3453754013926
"richmond",12,"AutoARIMA",2014-04-19,115,83.6158965593826
"richmond",13,"SeasonalNaive",2014-04-20,0,71
"richmond",13,"SeasonalNaive",2014-04-21,50,47
"richmond",13,"SeasonalNaive",2014-04-22,50,56
"richmond",13,"SeasonalNaive",2014-04-23,47,52
"richmond",13,"SeasonalNaive",2014-04-24,61,64
"richmond",13,"SeasonalNaive",2014-04-25,67,98
"richmond",13,"SeasonalNaive",2014-04-26,103,115
"richmond",13,"AutoARIMA",2014-04-20,0,98.8832103930479
"richmond",13,"AutoARIMA",2014-04-21,50,81.9883195700657
"richmond",13,"AutoARIMA",2014-04-22,50,75.8358011467599
"richmond",13,"AutoARIMA",2014-04-23,47,73.3449041166102
"richmond",13,"AutoARIMA",2014-04-24,61,75.747989083664
"richmond",13,"AutoARIMA",2014-04-25,67,82.6161560620526
"richmond",13,"AutoARIMA",2014-04-26,103,86.5436464753906
"richmond",14,"SeasonalNaive",2014-04-27,67,0
"richmond",14,"SeasonalNaive",2014-04-28,42,50
"richmond",14,"SeasonalNaive",2014-04-29,32,50
"richmond",14,"SeasonalNaive",2014-04-30,44,47
"richmond",14,"SeasonalNaive",2014-05-01,44,61
"richmond",14,"SeasonalNaive",2014-05-02,61,67
"richmond",14,"SeasonalNaive",2014-05-03,90,103
"richmond",14,"AutoARIMA",2014-04-27,67,80.4458841840291
"richmond",14,"AutoARIMA",2014-04-28,42,85.7758018392665
"richmond",14,"AutoARIMA",2014-04-29,32,76.982283028518
"richmond",14,"AutoARIMA",2014-04-30,44,75.5195652372101
"richmond",14,"AutoARIMA",2014-05-01,44,75.8991750647332
"richmond",14,"AutoARIMA",2014-05-02,61,79.0673660560557
"richmond",14,"AutoARIMA",2014-05-03,90,84.4361403934142
"richmond",15,"SeasonalNaive",2014-05-04,64,67
"richmond",15,"SeasonalNaive",2014-05-05,35,42
"richmond",15,"SeasonalNaive",2014-05-06,33,32
"richmond",15,"SeasonalNaive",2014-05-07,36,44
"richmond",15,"SeasonalNaive",2014-05-08,45,44
"richmond",15,"SeasonalNaive",2014-05-09,60,61
"richmond",15,"SeasonalNaive",2014-05-10,92,90
"richmond",15,"AutoARIMA",2014-05-04,64,85.0386570876517
"richmond",15,"AutoARIMA",2014-05-05,35,81.4006773224812
"richmond",15,"AutoARIMA",2014-05-06,33,75.0636884509559
"richmond",15,"AutoARIMA",2014-05-07,36,74.6969380799256
"richmond",15,"AutoARIMA",2014-05-08,45,73.8173095677915
"richmond",15,"AutoARIMA",2014-05-09,60,76.4449060871113
"richmond",15,"AutoARIMA",2014-05-10,92,81.9208425787683
"richmond",16,"SeasonalNaive",2014-05-11,76,64
"richmond",16,"SeasonalNaive",2014-05-12,39,35
"richmond",16,"SeasonalNaive",2014-05-13,40,33
"richmond",16,"SeasonalNaive",2014-05-14,41,36
"richmond",16,"SeasonalNaive",2014-05-15,53,45
"richmond",16,"SeasonalNaive",2014-05-16,63,60
"richmond",16,"SeasonalNaive",2014-05-17,89,92
"richmond",16,"AutoARIMA",2014-05-11,76,88.2245395779618
"richmond",16,"AutoARIMA",2014-05-12,39,80.7426552003232
"richmond",16,"AutoARIMA",2014-05-13,40,73.7357279519869
"richmond",16,"AutoARIMA",2014-05-14,41,73.1154929852008
"richmond",16,"AutoARIMA",2014-05-15,53,72.7737681526817
"richmond",16,"AutoARIMA",2014-05-16,63,76.3058541405122
"richmond",16,"AutoARIMA",2014-05-17,89,81.659466254005
"richmond",17,"SeasonalNaive",2014-05-18,70,76
"richmond",17,"SeasonalNaive",2014-05-19,47,39
"richmond",17,"SeasonalNaive",2014-05-20,46,40
"richmond",17,"SeasonalNaive",2014-05-21,52,41
"richmond",17,"SeasonalNaive",2014-05-22,53,53
"richmond",17,"SeasonalNaive",2014-05-23,69,63
"richmond",17,"SeasonalNaive",2014-05-24,373,89
"richmond",17,"AutoARIMA",2014-05-18,70,85.5810766501684
"richmond",17,"AutoARIMA",2014-05-19,47,78.9587187268272
"richmond",17,"AutoARIMA",2014-05-20,46,74.2700994050563
"richmond",17,"AutoARIMA",2014-05-21,52,73.5408944966563
"richmond",17,"AutoARIMA",2014-05-22,53,74.3474328514349
"richmond",17,"AutoARIMA",2014-05-23,69,76.8156471390627
"richmond",17,"AutoARIMA",2014-05-24,373,81.3631920563478
"richmond",18,"SeasonalNaive",2014-05-25,304,70
"richmond",18,"SeasonalNaive",2014-05-26,287,47
"richmond",18,"SeasonalNaive",2014-05-27,37,46
"richmond",18,"SeasonalNaive",2014-05-28,49,52
"richmond",18,"SeasonalNaive",2014-05-29,41,53
"richmond",18,"SeasonalNaive",2014-05-30,52,69
"richmond",18,"SeasonalNaive",2014-05-31,83,373
"richmond",18,"AutoARIMA",2014-05-25,304,251.851342541282
"richmond",18,"AutoARIMA",2014-05-26,287,180.781128495839
"richmond",18,"AutoARIMA",2014-05-27,37,71.0007673376878
"richmond",18,"AutoARIMA",2014-05-28,49,62.6293568436289
"richmond",18,"AutoARIMA",2014-05-29,41,48.8303960346024
"richmond",18,"AutoARIMA",2014-05-30,52,71.5033439432338
"richmond",18,"AutoARIMA",2014-05-31,83,120.217420429176
"richmond",19,"SeasonalNaive",2014-06-01,62,304
"richmond",19,"SeasonalNaive",2014-06-02,40,287
"richmond",19,"SeasonalNaive",2014-06-03,48,37
"richmond",19,"SeasonalNaive",2014-06-04,46,49
"richmond",19,"SeasonalNaive",2014-06-05,45,41
"richmond",19,"SeasonalNaive",2014-06-06,50,52
"richmond",19,"SeasonalNaive",2014-06-07,77,83
"richmond",19,"AutoARIMA",2014-06-01,62,99.2014208932487
"richmond",19,"AutoARIMA",2014-06-02,40,103.912520164076
"richmond",19,"AutoARIMA",2014-06-03,48,78.6534222525973
"richmond",19,"AutoARIMA",2014-06-04,46,78.2907693369817
"richmond",19,"AutoARIMA",2014-06-05,45,77.7935839255888
"richmond",19,"AutoARIMA",2014-06-06,50,76.5689639301891
"richmond",19,"AutoARIMA",2014-06-07,77,91.0056695976278
"richmond",20,"SeasonalNaive",2014-06-08,64,62
"richmond",20,"SeasonalNaive",2014-06-09,40,40
"richmond",20,"SeasonalNaive",2014-06-10,42,48
"richmond",20,"SeasonalNaive",2014-06-11,46,46
"richmond",20,"SeasonalNaive",2014-06-12,42,45
"richmond",20,"SeasonalNaive",2014-06-13,58,50
"richmond",20,"SeasonalNaive",2014-06-14,82,77
"richmond",20,"AutoARIMA",2014-06-08,64,81.2924842823164
"richmond",20,"AutoARIMA",2014-06-09,40,83.913125137136
"richmond",20,"AutoARIMA",2014-06-10,42,77.2265503397122
"richmond",20,"AutoARIMA",2014-06-11,46,76.7089192699656
"richmond",20,"AutoARIMA",2014-06-12,42,74.881606165727
"richmond",20,"AutoARIMA",2014-06-13,58,75.2440144427174
"richmond",20,"AutoARIMA",2014-06-14,82,75.9970769100939
